longitude,latitude,housing_median_age,total_rooms,total_bedrooms,population,households,median_income,median_house_value
-114.31,34.19,15,5612,1283,1015,472,1.4936,66900
-114.47,34.4,19,7650,1901,1129,463,1.82,80100
-114.56,33.69,17,720,174,333,117,1.6509,85700
-114.57,33.64,14,1501,337,515,226,3.1917,73400
-114.57,33.57,20,1454,326,624,262,1.925,65500
-114.58,33.63,29,1387,236,671,239,3.3438,74000
-114.58,33.61,25,2907,680,1841,633,2.6768,82400
-114.59,34.83,41,812,168,375,158,1.7083,48500
-114.59,33.61,34,4789,1175,3134,1056,2.1782,58400
-114.6,34.83,46,1497,309,787,271,2.1908,48100
-114.6,33.62,16,3741,801,2434,824,2.6797,86500
-114.6,33.6,21,1988,483,1182,437,1.625,62000
-114.61,34.84,48,1291,248,580,211,2.1571,48600
-114.61,34.83,31,2478,464,1346,479,3.212,70400
-114.63,32.76,15,1448,378,949,300,0.8585,45000
-114.65,34.89,17,2556,587,1005,401,1.6991,69100
-114.65,33.6,28,1678,322,666,256,2.9653,94900
-114.65,32.79,21,44,33,64,27,0.8571,25000
-114.66,32.74,17,1388,386,775,320,1.2049,44000
-114.67,33.92,17,97,24,29,15,1.2656,27500
-114.68,33.49,20,1491,360,1135,303,1.6395,44400
-114.73,33.43,24,796,243,227,139,0.8964,59200
-114.94,34.55,20,350,95,119,58,1.625,50000
-114.98,33.82,15,644,129,137,52,3.2097,71300
-115.22,33.54,18,1706,397,3424,283,1.625,53500
-115.32,32.82,34,591,139,327,89,3.6528,100000
-115.37,32.82,30,1602,322,1130,335,3.5735,71100
-115.37,32.82,14,1276,270,867,261,1.9375,80900
-115.37,32.81,32,741,191,623,169,1.7604,68600
-115.37,32.81,23,1458,294,866,275,2.3594,74300
-115.38,32.82,38,1892,394,1175,374,1.9939,65800
-115.38,32.81,35,1263,262,950,241,1.8958,67500
-115.39,32.76,16,1136,196,481,185,6.2558,146300
-115.4,32.86,19,1087,171,649,173,3.3182,113800
-115.4,32.7,19,583,113,531,134,1.6838,95800
-115.41,32.99,29,1141,220,684,194,3.4038,107800
-115.46,33.19,33,1234,373,777,298,1,40000
-115.48,32.8,21,1260,246,805,239,2.6172,88500
-115.48,32.68,15,3414,666,2097,622,2.3319,91200
-115.49,32.87,19,541,104,457,106,3.3583,102800
-115.49,32.69,17,1960,389,1691,356,1.899,64000
-115.49,32.67,29,1523,440,1302,393,1.1311,84700
-115.49,32.67,25,2322,573,2185,602,1.375,70100
-115.5,32.75,13,330,72,822,64,3.4107,142500
-115.5,32.68,18,3631,913,3565,924,1.5931,88400
-115.5,32.67,35,2159,492,1694,475,2.1776,75500
-115.51,33.24,32,1995,523,1069,410,1.6552,43300
-115.51,33.12,21,1024,218,890,232,2.101,46700
-115.51,32.99,20,1402,287,1104,317,1.9088,63700
-115.51,32.68,11,2872,610,2644,581,2.625,72700
-115.52,34.22,30,540,136,122,63,1.3333,42500
-115.52,33.13,18,1109,283,1006,253,2.163,53400
-115.52,33.12,38,1327,262,784,231,1.8793,60800
-115.52,32.98,32,1615,382,1307,345,1.4583,58600
-115.52,32.97,24,1617,366,1416,401,1.975,66400
-115.52,32.97,10,1879,387,1376,337,1.9911,67500
-115.52,32.77,18,1715,337,1166,333,2.2417,79200
-115.52,32.73,17,1190,275,1113,258,2.3571,63100
-115.52,32.67,6,2804,581,2807,594,2.0625,67700
-115.53,34.91,12,807,199,246,102,2.5391,40000
-115.53,32.99,25,2578,634,2082,565,1.7159,62200
-115.53,32.97,35,1583,340,933,318,2.4063,70700
-115.53,32.97,34,2231,545,1568,510,1.5217,60300
-115.53,32.73,14,1527,325,1453,332,1.735,61200
-115.54,32.99,23,1459,373,1148,388,1.5372,69400
-115.54,32.99,17,1697,268,911,254,4.3523,96000
-115.54,32.98,27,1513,395,1121,381,1.9464,60600
-115.54,32.97,41,2429,454,1188,430,3.0091,70800
-115.54,32.79,23,1712,403,1370,377,1.275,60400
-115.55,32.98,33,2266,365,952,360,5.4349,143000
-115.55,32.98,24,2565,530,1447,473,3.2593,80800
-115.55,32.82,34,1540,316,1013,274,2.5664,67500
-115.55,32.8,23,666,142,580,160,2.1136,61000
-115.55,32.79,23,1004,221,697,201,1.6351,59600
-115.55,32.79,22,565,162,692,141,1.2083,53600
-115.55,32.78,5,2652,606,1767,536,2.8025,84300
-115.56,32.96,21,2164,480,1164,421,3.8177,107200
-115.56,32.8,28,1672,416,1335,397,1.5987,59400
-115.56,32.8,25,1311,375,1193,351,2.1979,63900
-115.56,32.8,15,1171,328,1024,298,1.3882,69400
-115.56,32.79,20,2372,835,2283,767,1.1707,62500
-115.56,32.79,18,1178,438,1377,429,1.3373,58300
-115.56,32.78,46,2511,490,1583,469,3.0603,70800
-115.56,32.78,35,1185,202,615,191,4.6154,86200
-115.56,32.78,29,1568,283,848,245,3.1597,76200
-115.56,32.76,15,1278,217,653,185,4.4821,140300
-115.57,32.85,33,1365,269,825,250,3.2396,62300
-115.57,32.85,17,1039,256,728,246,1.7411,63500
-115.57,32.84,29,1207,301,804,288,1.9531,61100
-115.57,32.83,31,1494,289,959,284,3.5282,67500
-115.57,32.8,16,2276,594,1184,513,1.875,93800
-115.57,32.79,34,1152,208,621,208,3.6042,73600
-115.57,32.78,20,1534,235,871,222,6.2715,97200
-115.57,32.78,15,1413,279,803,277,4.3021,87500
-115.58,33.88,21,1161,282,724,186,3.1827,71700
-115.58,32.81,5,805,143,458,143,4.475,96300
-115.58,32.81,10,1088,203,533,201,3.6597,87500
-115.58,32.79,14,1687,507,762,451,1.6635,64400
-115.58,32.78,5,2494,414,1416,421,5.7843,110100
-115.59,32.85,20,1608,274,862,248,4.875,90800
-115.59,32.79,8,2183,307,1000,287,6.3814,159900
-115.59,32.69,30,935,177,649,148,2.5769,94400
-115.6,33.2,37,709,187,390,142,2.4511,72500
-115.6,32.87,3,1629,317,1005,312,4.1293,83200
-115.62,33.04,20,1121,244,766,230,2.2969,62000
-115.62,33.04,17,1009,231,745,217,2.0463,61200
-115.64,32.8,23,1228,235,569,235,3.1667,125000
-115.69,32.79,18,1564,340,1161,343,2.1792,55200
-115.72,32.75,16,348,99,123,54,2.0938,87500
-115.73,33.36,19,749,238,476,169,1.7727,50000
-115.73,33.35,23,1586,448,338,182,1.2132,30000
-115.73,33.09,27,452,103,258,61,2.9,87500
-115.73,32.8,44,472,81,206,57,2.2083,93800
-115.8,33.26,2,96,18,30,16,5.3374,47500
-115.84,33.49,20,1660,379,637,250,2.0347,68900
-115.85,34.2,34,3868,1257,890,423,1.3571,41000
-115.88,32.93,15,208,49,51,20,4.0208,32500
-115.9,33.34,19,1210,248,329,155,1.7857,62800
-115.91,33.36,15,459,95,160,73,0.922,67500
-115.93,35.55,18,1321,272,754,226,3.4028,67500
-115.94,33.38,5,186,43,41,21,2.7,58800
-115.95,33.28,12,99,25,37,17,1.8958,53800
-115.96,33.3,27,322,81,112,57,1.125,54400
-115.98,33.32,8,240,46,63,24,1.4688,53800
-115.99,33.4,15,1945,536,515,273,2.0109,54300
-116,33.19,16,245,57,81,33,1.2639,51300
-116,32.74,26,1134,280,329,158,1.4338,43900
-116.01,33.51,24,2985,958,4042,905,1.7344,66400
-116.01,33.41,20,1996,515,659,295,2.8684,62800
-116.02,34.18,8,569,97,312,96,4.3021,94500
-116.05,34.12,19,301,65,150,56,3.125,65600
-116.05,33.33,17,290,94,135,57,1.7292,81300
-116.06,34.2,29,1202,290,383,156,1.3371,66900
-116.06,34.15,15,10377,2331,4507,1807,2.2466,66800
-116.08,33.86,16,381,89,182,75,2.425,76100
-116.09,34.15,13,9444,1997,4166,1482,2.6111,65600
-116.11,33.64,20,1273,354,1548,355,2.0871,84700
-116.12,33.53,17,2421,820,2971,685,1.654,100000
-116.14,34.22,32,3298,1228,763,360,1.875,47800
-116.15,34.14,18,3312,705,1251,512,3.0139,82600
-116.15,33.69,22,197,54,331,70,2.9286,112500
-116.15,33.64,10,1711,499,1896,443,1.6557,65400
-116.16,33.68,12,1230,277,1334,260,2.2679,61400
-116.17,33.67,18,3585,800,3873,788,2.5714,65900
-116.17,33.66,22,639,203,664,153,1.9306,47500
-116.17,33.53,13,1713,512,1978,442,2.1287,58600
-116.18,33.69,17,89,19,79,21,2.375,155000
-116.18,33.67,25,2888,654,2940,660,2.2141,66700
-116.19,33.67,16,1859,476,1994,477,1.7297,67500
-116.2,33.7,26,2399,625,2654,535,2.2989,60600
-116.2,33.63,23,1152,273,1077,235,2.5,96300
-116.2,32.64,28,1608,409,567,254,1.4648,61800
-116.21,33.75,22,894,192,830,202,3.0673,68200
-116.21,33.72,28,2488,714,2891,676,2.3169,68900
-116.21,33.71,19,3114,787,3157,772,1.7083,82200
-116.21,33.68,34,584,176,625,166,1.5809,100000
-116.21,33.66,19,1596,295,1201,282,3.8846,100900
-116.22,36,14,1372,386,436,213,1.1471,32900
-116.22,34.21,23,1175,468,355,151,2.2083,42500
-116.22,33.74,26,4120,858,2918,815,3.3107,69400
-116.22,33.73,38,1695,352,1279,305,2.1217,68500
-116.22,33.72,28,826,258,979,245,1.7172,58800
-116.22,33.7,9,3861,849,825,401,3.2833,124700
-116.23,33.73,29,1133,221,918,239,2.8648,72100
-116.23,33.72,32,4981,1326,3779,1186,1.7805,76900
-116.23,33.71,17,4874,1349,5032,1243,2.444,90000
-116.24,33.73,14,2774,566,1530,505,3.0682,104100
-116.24,33.72,25,5236,1039,2725,935,3.775,93400
-116.24,33.71,10,9033,2224,5525,1845,2.7598,95000
-116.25,33.81,24,880,187,507,169,3.4583,67500
-116.25,33.75,33,278,91,375,81,2.025,50000
-116.25,33.69,5,1664,444,907,374,2.7667,92900
-116.26,33.65,3,7437,1222,574,302,10.2948,382400
-116.26,33.07,17,934,284,452,184,1.9875,83700
-116.27,34.13,37,452,109,184,59,3.7292,65800
-116.29,33.74,6,12991,2555,4571,1926,4.7195,199300
-116.29,33.72,5,3584,760,1097,470,3.1771,167400
-116.3,33.68,10,2387,481,863,304,2.8882,137500
-116.31,34.13,20,2352,556,1217,481,1.6063,55400
-116.31,33.67,15,2214,410,1152,350,2.9187,93400
-116.31,33.67,11,4686,851,2466,731,3.3333,91800
-116.31,33.66,7,4497,831,2248,713,3.6354,98000
-116.32,34.14,18,1880,487,994,425,1.69,54200
-116.32,34.1,10,4256,861,1403,686,2.6618,81000
-116.32,33.28,19,1791,367,327,185,3.3625,100000
-116.33,34.15,13,1808,411,735,320,1.5489,57400
-116.33,33.75,5,19107,3923,2880,1376,4.036,158500
-116.33,33.72,11,12327,2000,2450,1139,7.4382,353100
-116.34,33.36,24,2746,514,731,295,3.3214,176400
-116.35,34.13,9,1969,406,805,349,1.5491,62300
-116.35,32.74,16,2595,606,1046,367,1.7137,110700
-116.36,33.88,11,12557,3098,2453,1232,1.7844,78500
-116.37,33.72,17,8626,1859,3497,1337,3.312,121300
-116.37,33.69,7,8806,1542,858,448,7.8005,318100
-116.37,33.19,12,4890,1152,1289,570,2.5795,98700
-116.38,34.2,14,4985,1238,2517,954,2.0674,65000
-116.38,34.1,6,2104,348,841,320,4.1458,116300
-116.38,33.74,7,17579,3479,3581,1820,4.084,194500
-116.38,33.73,10,11836,2405,3811,1570,4.0079,134500
-116.38,33.71,17,12509,2460,2737,1423,4.5556,258100
-116.39,34.15,15,5583,1149,2709,964,1.9779,73300
-116.39,33.82,15,11115,2257,4122,1653,2.7219,74400
-116.39,33.72,19,7646,1618,2496,1075,3.5569,128000
-116.39,33.69,10,11659,2007,2186,1083,6.9833,238800
-116.4,34.12,16,5648,1089,2524,1008,2.6739,78000
-116.4,34.09,9,4855,872,2098,765,3.2723,97800
-116.4,33.78,8,3059,500,612,208,6.8729,259200
-116.41,33.74,25,2475,476,910,387,3.3639,168800
-116.41,33.74,17,4289,893,958,440,2.4659,177800
-116.42,33.79,12,7095,1260,1179,570,4.9444,285000
-116.42,33.76,14,16921,2837,2524,1262,7.6281,341700
-116.42,33.68,15,3895,782,900,529,2.2208,138300
-116.42,33.51,26,186,48,102,39,2.5625,103100
-116.43,34.1,17,6683,1296,2677,1227,2.4828,84000
-116.43,33.81,8,6710,1343,2069,781,3.5223,115100
-116.43,33.75,24,2596,438,473,237,3.7727,500001
-116.44,34.16,19,1867,361,758,321,2.8929,98100
-116.44,34.12,18,5584,1303,2250,1158,1.5823,72400
-116.44,33.93,17,5293,1266,1201,599,1.6849,88400
-116.44,33.77,18,4872,1110,955,656,2.2439,97500
-116.44,33.74,5,846,249,117,67,7.9885,403300
-116.45,33.8,9,5534,1206,2283,1008,3.6161,99100
-116.45,33.78,16,5228,992,1177,639,3.0859,134600
-116.45,32.65,22,2680,643,1644,516,2.1949,127100
-116.46,33.82,6,4863,920,3010,828,3.9508,104200
-116.46,33.78,33,2565,745,2301,638,2.5477,83000
-116.47,34.07,22,5473,1234,2581,1098,1.9375,65300
-116.47,33.94,18,2233,471,919,388,3.2578,85200
-116.47,33.84,3,9169,1512,3838,1270,4.3111,142500
-116.47,33.81,7,10105,2481,6274,2095,2.4497,90900
-116.47,33.78,27,1781,441,759,340,3.3162,113600
-116.48,33.94,10,3254,913,923,486,1.8,81000
-116.48,33.79,14,9425,2020,1711,1000,2.6298,145200
-116.48,33.61,8,1294,272,457,199,2.9167,115300
-116.49,33.82,27,3316,636,2362,532,2.9569,65900
-116.49,33.8,13,8789,1875,1274,688,3.7396,148900
-116.5,33.98,5,4332,868,1420,567,4.0417,146400
-116.5,33.95,10,7249,1882,4274,1621,1.6983,66600
-116.5,33.82,16,343,85,29,14,2.1042,87500
-116.5,33.81,26,5032,1229,3086,1183,2.5399,94800
-116.5,33.69,20,4810,1074,1304,740,2.25,248100
-116.51,34.85,15,3149,713,1281,486,2,64700
-116.51,34.45,21,8502,2634,2330,991,1.3811,51300
-116.51,33.96,16,4913,1395,2518,1132,1.4665,61100
-116.51,33.94,12,3369,780,1315,584,1.7388,66000
-116.51,33.89,21,1284,306,537,233,1.95,61000
-116.52,33.97,13,3921,754,1902,665,3.3616,89600
-116.52,33.85,13,7559,1444,3189,1105,3.4886,112500
-116.52,33.84,17,4465,859,853,445,3.6875,130400
-116.52,33.82,21,10227,2315,3623,1734,2.5212,145200
-116.52,32.9,18,4454,852,1754,656,4.57,189900
-116.53,33.95,18,2990,648,1280,532,2.625,68200
-116.53,33.88,5,4423,763,1906,667,4.6855,125200
-116.53,33.85,16,10077,2186,3048,1337,2.9647,110900
-116.53,33.84,28,8399,1839,3470,1340,2.5885,159000
-116.53,33.78,18,2547,463,411,214,2.5489,220500
-116.54,33.81,31,6814,1714,2628,1341,2.1176,124100
-116.54,33.81,24,6087,1217,1721,833,3.1493,199400
-116.54,33.8,22,6050,1387,1432,890,2.2216,183900
-116.54,33.79,18,9374,1780,1678,919,3.9737,235600
-116.55,33.84,28,2992,562,676,346,5.7613,500001
-116.56,34.06,15,6928,1529,2568,1075,2.5405,69600
-116.56,33.83,36,1765,399,451,264,2.6083,321900
-116.56,33.05,15,1985,361,536,209,4.125,148200
-116.57,35.43,8,9975,1743,6835,1439,2.7138,22500
-116.57,34,20,260,67,69,50,3.5208,76600
-116.57,33.94,29,551,166,224,107,1.1917,50000
-116.57,33.84,18,7962,1652,2009,921,3.3897,230200
-116.57,33.64,10,489,82,183,74,6.2702,345500
-116.58,32.69,19,4085,876,2133,718,2.919,116500
-116.6,33.49,16,3730,827,1346,592,2.183,113500
-116.6,33.06,23,1731,365,612,258,2.7813,172900
-116.61,33.04,11,2522,538,616,269,3.875,198100
-116.62,34.23,14,6438,1719,1586,691,1.6136,67400
-116.62,32.86,18,4115,847,2032,745,4.0159,169100
-116.66,32.79,13,843,157,918,152,6.2152,240600
-116.67,32.97,16,349,74,120,43,5.359,193800
-116.68,33.71,21,3460,711,658,255,3.5882,161100
-116.68,33.16,26,1820,374,1001,324,2.1797,156300
-116.71,33.94,12,549,109,209,90,3.0208,66300
-116.72,34.89,14,4527,875,1640,590,2.8594,81700
-116.72,33.56,13,3166,682,1250,475,2.355,122900
-116.74,33.62,11,2385,661,682,242,2.9141,214300
-116.74,33.33,17,4190,946,1802,673,2.4744,158200
-116.75,33.83,16,5277,1070,657,276,3.3333,143400
-116.75,32.85,17,4863,845,2266,769,4.2321,217400
-116.75,32.82,17,3348,481,1222,443,6.6361,308600
-116.76,34.29,14,3959,849,1064,376,2.8214,111400
-116.76,34.14,4,42,10,9,3,0.536,42500
-116.76,33.46,6,1251,268,544,216,3.0694,173400
-116.76,32.84,16,3311,702,1627,624,3.1196,187200
-116.76,32.74,14,4085,751,2129,688,4.7367,214500
-116.77,33.92,19,2307,525,1266,437,1.6875,63000
-116.78,33,7,12480,1946,5102,1697,5.5102,221000
-116.79,33.99,16,319,68,212,67,1.4688,90000
-116.79,32.84,12,4281,786,1891,721,3.5769,231800
-116.79,32.61,19,2652,520,1421,491,3.5227,206100
-116.8,33.8,35,324,63,158,39,3.4167,100000
-116.8,32.8,11,3874,565,1672,546,6.1481,274600
-116.82,34.24,11,5799,1527,713,262,2.5147,84700
-116.83,34.25,15,8948,1985,1316,514,2.7375,90800
-116.83,32.83,6,3123,495,1513,480,5.4288,167800
-116.84,33.01,5,5673,855,2592,797,5.4155,199200
-116.84,32.92,20,1066,219,536,173,3.1607,119300
-116.84,32.86,16,2502,532,1211,494,3.2516,202100
-116.85,34.98,26,3606,792,1683,608,2.6587,57400
-116.85,34.25,5,5806,1030,569,219,4.0132,163100
-116.85,32.83,17,4234,770,2191,725,3.6445,197600
-116.86,34.23,13,4760,938,309,132,5.4618,147800
-116.86,33.97,11,658,131,376,120,2.3977,58000
-116.86,33.84,18,521,118,174,74,2.7788,91100
-116.86,33.73,13,2604,443,978,417,2.933,170700
-116.86,33.05,17,9044,1689,5030,1596,3.6348,164500
-116.86,33.02,17,401,68,251,69,4.6518,170200
-116.86,32.87,17,5799,921,2630,843,5.0524,285400
-116.86,32.8,19,1747,291,848,290,4.875,187200
-116.87,33.94,35,4448,906,2736,843,2.218,73400
-116.87,33.93,32,3141,812,2589,721,1.4556,54600
-116.87,33.76,5,4116,761,1714,717,2.5612,130800
-116.87,33.57,12,1153,265,446,195,3.038,128100
-116.87,32.75,15,2053,321,993,309,5.5164,248900
-116.87,32.72,13,3268,491,1431,503,5.7652,259900
-116.88,34.25,11,1089,198,230,90,4.9643,176000
-116.88,34.24,13,4137,796,573,218,4.6394,226500
-116.88,34.19,38,898,259,106,52,1.6875,225000
-116.88,34.08,52,3419,777,710,265,3.9028,128600
-116.88,33.93,37,1495,429,865,342,1.2188,55000
-116.88,33.74,20,3111,623,1000,508,1.5982,140000
-116.88,33.05,11,7217,1583,4197,1502,2.8827,166700
-116.88,33.02,16,3204,541,1818,529,5.2596,171500
-116.88,32.86,9,3049,471,1527,515,5.0733,196600
-116.89,33.93,29,4549,916,2494,912,2.0976,72600
-116.89,33.92,10,2653,621,1967,598,2.6643,81000
-116.89,33.86,2,6900,1238,1950,980,3.0417,146300
-116.89,33.75,23,2719,538,930,485,2.0154,81700
-116.89,33.48,14,1016,219,443,169,2.8071,137500
-116.89,32.99,14,2816,501,1448,452,5.0278,210900
-116.89,32.85,16,1743,333,652,322,2.8906,158300
-116.89,32.85,15,3560,593,1757,574,5.1185,185300
-116.89,32.67,9,2652,393,1355,362,6.2578,293100
-116.9,34.69,10,337,102,108,50,0.4999,55000
-116.9,34.52,20,3481,840,1694,587,1.4,77700
-116.9,34.25,16,3018,523,556,244,3.5288,189700
-116.9,33.98,30,3915,672,1820,643,3.6339,98600
-116.9,33.93,34,3183,738,1820,647,2.2321,71800
-116.9,33.74,14,2281,426,894,430,2.3712,127900
-116.9,33.65,15,652,149,248,97,2.1071,93800
-116.9,33.22,11,4132,773,2012,703,3.1906,234500
-116.9,33.03,11,3213,634,1975,579,3.475,167200
-116.9,32.9,19,3090,552,1621,520,4.0806,189200
-116.9,32.84,18,4215,810,2104,773,4.0873,146900
-116.9,32.84,18,3612,737,1864,713,2.7069,153800
-116.9,32.79,21,3770,491,1410,446,6.7685,294700
-116.9,32.77,8,3600,492,1421,482,6.2609,307100
-116.91,34,18,553,100,215,82,5.5,193800
-116.91,33.75,13,10886,2127,4266,1955,2.3169,123400
-116.91,33.71,19,6807,1164,2703,1055,3.1591,189700
-116.91,32.87,14,3048,597,1690,576,4.3818,147100
-116.91,32.86,15,3153,628,1633,527,3.6898,131000
-116.91,32.86,10,3699,838,2310,759,2.5365,139500
-116.91,32.85,21,4152,703,2255,697,4.5096,159500
-116.91,32.83,16,5203,898,2515,862,4.105,174400
-116.91,32.82,14,1978,424,1085,387,3.8073,170100
-116.91,32.81,22,4331,637,1952,654,5.4834,232000
-116.91,32.8,32,1943,287,1081,292,5.6846,208800
-116.91,32.78,15,4058,511,1580,473,7.5,316400
-116.91,32.73,8,4630,624,2048,575,6.4745,300300
-116.92,33.63,18,397,89,239,80,2.8125,143800
-116.92,32.85,23,1378,269,767,266,4.0625,145000
-116.92,32.84,16,4675,834,2188,817,4.6674,178000
-116.92,32.82,34,1765,284,772,282,5.0118,165300
-116.92,32.82,17,2492,494,1278,439,2.8875,155700
-116.92,32.82,16,2784,468,1458,465,4.0048,184600
-116.92,32.8,33,1518,268,857,272,3.5586,160400
-116.92,32.78,21,4192,752,2101,710,4.4306,159100
-116.92,32.76,9,1859,307,947,304,5.9202,181300
-116.93,33.93,13,7804,1594,3297,1469,2.0549,95600
-116.93,33.75,14,6027,1148,3136,1036,2.964,121500
-116.93,33.74,15,3757,666,1693,654,3.6806,112800
-116.93,33.06,16,3490,545,1628,535,4.8836,239900
-116.93,32.87,17,3722,670,1561,604,3.6027,211900
-116.93,32.85,5,4116,990,2770,905,3.1142,150000
-116.93,32.85,15,3273,895,1872,842,2.5388,119000
-116.93,32.83,21,1283,278,684,289,2.3203,163500
-116.93,32.82,26,4129,714,1820,718,4.2586,171000
-116.93,32.81,18,2447,466,1573,472,2.6429,125400
-116.93,32.79,23,5759,1258,3108,1202,3.0927,140600
-116.93,32.79,19,3354,699,1948,682,3.0192,142300
-116.94,34.4,20,6541,1401,2631,980,2.1339,78500
-116.94,34.24,27,12342,2630,1300,566,1.998,153500
-116.94,33.77,14,7240,1410,2708,1240,2.4145,137600
-116.94,33.74,19,2901,445,1414,475,4.6406,118900
-116.94,33.73,17,5160,851,2344,781,3.7175,120000
-116.94,32.89,24,2541,381,1078,372,5.2542,227800
-116.94,32.87,24,2824,441,1480,471,5.2614,177200
-116.94,32.84,32,1607,253,778,262,4.5278,166300
-116.94,32.83,38,1701,317,872,304,3.7831,147800
-116.94,32.82,35,1737,285,826,294,3.2411,159200
-116.94,32.8,28,3042,729,1964,703,2.4141,137500
-116.94,32.8,21,7906,2292,4868,2117,1.8937,109800
-116.94,32.78,17,13559,2656,6990,2533,3.434,193200
-116.94,32.75,4,14934,2479,6945,2418,5.1221,229700
-116.95,33.97,14,5320,974,1947,843,3.1393,116300
-116.95,33.79,8,10997,2205,5060,1949,2.1979,95300
-116.95,33.78,24,3409,804,1939,739,1.7303,74000
-116.95,33.76,10,6890,1702,3141,1451,1.7079,95900
-116.95,33.75,23,4676,1096,2770,1057,1.7847,109500
-116.95,33.75,19,2238,573,1190,507,2.0714,85800
-116.95,33.74,20,2233,431,1024,399,2.4554,89400
-116.95,33.74,18,1996,405,1270,400,2.7083,91200
-116.95,33.73,21,4587,810,2233,765,3.2371,94500
-116.95,33.68,11,1183,178,543,147,4.4792,173900
-116.95,33.31,16,2921,639,1838,540,2.2393,117000
-116.95,32.96,18,2087,353,992,329,4.5,222600
-116.95,32.84,31,1307,245,752,231,3.4286,129400
-116.95,32.83,14,12517,2506,6389,2333,3.3081,168700
-116.95,32.82,18,3038,592,1904,595,3.8024,144900
-116.95,32.82,12,5535,1434,3112,1262,2.5949,108300
-116.95,32.81,31,1277,293,698,237,3.1106,147700
-116.95,32.81,15,2619,599,1513,537,2.543,100000
-116.95,32.79,19,11391,3093,7178,2905,2.0326,123200
-116.95,32.78,33,2432,443,1147,427,3.3906,138100
-116.95,32.78,20,3425,448,1489,443,6.2552,296400
-116.95,32.77,25,3308,421,1201,414,6.3191,303400
-116.95,32.76,13,5543,857,2074,737,4.9528,266200
-116.95,32.73,17,1635,272,960,279,5.2671,157100
-116.96,34.94,20,2355,467,1198,428,3.9934,88500
-116.96,34.83,30,1211,289,611,230,1.6667,44700
-116.96,33.94,22,1999,497,1304,479,1.4063,81900
-116.96,33.79,21,2990,691,2108,660,2.0135,83000
-116.96,33.75,35,3269,757,2328,705,2.5898,76300
-116.96,33.74,19,3649,755,1717,696,2.2115,87600
-116.96,33.73,20,4735,973,2306,904,3.069,87000
-116.96,32.9,16,3047,495,1507,499,5.3008,186500
-116.96,32.87,17,4713,740,2531,723,4.8286,158500
-116.96,32.86,14,3064,496,1681,503,4.4347,160300
-116.96,32.85,11,9724,1796,5247,1777,4.1716,166100
-116.96,32.81,8,2378,638,1410,623,2.9097,152500
-116.96,32.8,25,3421,803,1681,742,3.369,134400
-116.96,32.8,19,4574,1152,3045,1057,2.065,124100
-116.96,32.8,16,3920,1094,2612,1023,1.3291,120800
-116.96,32.79,35,1081,266,691,259,2.6324,133700
-116.96,32.79,19,3008,693,2341,689,2.6087,123800
-116.96,32.79,17,5236,1325,3308,1233,2.3221,138800
-116.96,32.78,26,2807,630,1785,580,2.1638,132800
-116.97,33.96,12,5876,1222,2992,1151,2.4322,112100
-116.97,33.94,29,3197,632,1722,603,3.0432,91200
-116.97,33.93,29,2793,722,1583,626,1.424,73200
-116.97,33.78,24,2680,606,1728,527,2.535,74800
-116.97,33.74,31,2712,628,1519,629,1.942,86200
-116.97,33.74,20,3674,792,1498,758,2.2161,76900
-116.97,33.13,10,5149,851,2177,783,6.7957,287500
-116.97,32.83,23,149,32,101,34,2.6458,112500
-116.97,32.8,15,3927,1018,2204,977,2.4367,111400
-116.97,32.79,32,1255,338,782,302,2.6635,113600
-116.97,32.79,19,4108,1101,2971,1006,1.9893,112500
-116.97,32.78,37,1255,238,671,278,3.7019,138600
-116.97,32.78,35,1113,236,681,246,2.9784,136400
-116.97,32.78,26,8902,1413,3941,1387,4.7943,226900
-116.97,32.76,33,3071,466,1348,513,6.1768,228900
-116.97,32.76,26,2460,313,838,299,5.9878,270700
-116.97,32.75,28,3519,583,1720,590,4.7973,186900
-116.97,32.74,14,7410,1344,3597,1274,4.2192,176100
-116.97,32.65,4,16450,2833,7985,2683,5.6631,233400
-116.97,32.56,23,1262,294,5176,275,2.5625,153300
-116.98,34.13,16,2098,449,342,143,4.0333,133900
-116.98,34.07,21,739,125,199,82,4.8958,117500
-116.98,34.05,6,2290,312,957,274,7.2708,316700
-116.98,33.94,27,3459,640,1760,654,3.4545,89800
-116.98,33.93,40,2277,498,1391,453,1.9472,73200
-116.98,33.93,33,376,83,267,88,2.1581,68300
-116.98,33.83,15,2228,472,653,350,2.683,139300
-116.98,33.77,12,5829,1309,2711,1118,1.9707,107900
-116.98,33.74,25,4952,1062,1589,1024,1.8446,85700
-116.98,32.88,12,7320,1279,4048,1249,4.3952,151700
-116.98,32.86,19,2121,341,1236,353,4.7717,153200
-116.98,32.86,16,7718,1423,4383,1394,4.0693,146400
-116.98,32.85,12,3570,713,3321,666,4.0882,134500
-116.98,32.8,28,5721,1029,2672,1054,3.963,164400
-116.98,32.79,32,3756,662,1611,598,3.8667,189700
-116.98,32.77,29,3558,447,1097,445,8.093,379600
-116.98,32.75,25,4137,662,1905,630,4.375,214000
-116.98,32.75,18,1519,369,802,347,2.9886,170800
-116.98,32.74,24,977,147,454,169,4.9286,173700
-116.98,32.74,16,3361,537,1754,578,5.1098,162300
-116.98,32.73,16,952,143,530,143,5.0864,175300
-116.98,32.72,4,1078,158,571,184,4.6667,223300
-116.98,32.71,18,2355,444,1277,433,3.4551,121400
-116.99,34.89,24,2741,577,1551,522,3.474,70500
-116.99,34.88,23,6060,1165,2920,1072,3.1528,69000
-116.99,34.3,29,5055,1036,410,191,3.5104,157100
-116.99,33.99,22,4227,658,1849,619,4.7356,195900
-116.99,33.92,26,503,69,293,59,3.7083,147500
-116.99,33.77,7,10352,2007,3559,1689,2.2925,113100
-116.99,33.76,12,7626,1704,2823,1554,2.1722,69400
-116.99,33.75,18,9601,2401,4002,2106,1.4366,77000
-116.99,33.73,13,16148,3474,6159,3232,1.9961,97800
-116.99,33.46,13,1614,410,846,270,2.83,43000
-116.99,32.96,17,5509,866,2748,817,4.8854,181300
-116.99,32.85,32,5211,949,3025,948,4.0931,134200
-116.99,32.83,20,6696,1326,3687,1291,3.1979,154600
-116.99,32.81,25,4436,758,1997,738,4.2386,201000
-116.99,32.81,18,10968,1521,4439,1501,6.2787,250000
-116.99,32.8,34,3657,538,1513,562,5.2907,195800
-116.99,32.79,33,2420,393,1003,397,4.0658,165100
-116.99,32.79,26,3623,703,1609,669,3.744,165800
-116.99,32.78,29,1114,163,385,154,5.4333,222800
-116.99,32.77,35,2306,334,828,310,6.1103,301600
-116.99,32.74,18,3341,611,1952,602,3.9844,215300
-116.99,32.74,17,3101,547,1410,486,3.1771,189900
-116.99,32.73,30,1856,339,1103,379,4.0357,153800
-116.99,32.72,15,825,130,334,131,4.0391,169500
-116.99,32.72,14,1771,301,1046,284,4.775,143300
-116.99,32.72,13,1330,216,719,215,3.8295,149600
-116.99,32.72,11,1112,164,441,174,4.7679,169500
-116.99,32.71,21,3049,582,2355,585,3.8904,113800
-116.99,32.7,15,3660,622,2629,612,4.0444,150100
-116.99,32.64,15,4331,699,2046,627,3.9519,193500
-117,34.89,29,2637,512,1188,446,2.99,69400
-117,34.87,16,6862,1292,3562,1126,3.6091,87200
-117,33.74,8,5330,1529,2143,1107,2.1103,94400
-117,33.29,17,2073,313,573,221,8.2531,419200
-117,32.87,18,11544,1979,6296,1923,4.4904,150400
-117,32.85,24,1888,319,950,319,5.282,140800
-117,32.8,33,1816,325,768,316,4.5662,150300
-117,32.77,35,2114,317,881,320,5.5,241400
-117,32.77,30,1802,401,776,386,2.8125,173500
-117,32.76,31,2545,373,956,342,4.3977,226800
-117,32.76,31,1989,280,805,301,6.5645,189100
-117,32.74,17,2357,599,1423,510,1.8856,118800
-117,32.72,10,3817,943,2352,875,2.1362,143200
-117,32.71,22,2263,441,1395,416,3.725,123500
-117,32.7,23,2785,468,1456,449,4.3714,131000
-117,32.67,16,2238,307,1002,303,6.6143,264100
-117,32.64,11,3098,490,1391,484,4.9792,170400
-117.01,34.9,36,2181,555,1404,492,2.3077,55500
-117.01,34.9,34,2194,519,1326,515,2.1056,72000
-117.01,34.89,26,2599,498,1332,443,2.7198,70400
-117.01,34.01,15,5592,891,2419,840,4.7193,135200
-117.01,33.97,18,4775,886,1868,836,2.3355,118800
-117.01,33.04,13,4595,567,1643,544,7.7684,362300
-117.01,32.99,8,3372,430,1536,448,8.4284,378300
-117.01,32.85,23,2592,414,1401,431,5.4903,151400
-117.01,32.84,23,1951,395,901,378,3.1023,143300
-117.01,32.83,17,15401,3280,7302,3176,3.3067,121900
-117.01,32.81,26,4499,645,1866,626,5.516,185100
-117.01,32.81,21,4203,618,1620,600,5.3441,193500
-117.01,32.8,20,2705,545,1198,497,3.7159,168900
-117.01,32.8,17,1558,479,803,431,2.6934,160200
-117.01,32.8,17,1042,210,650,215,3.1,84200
-117.01,32.79,33,4015,663,1864,664,4.3152,159300
-117.01,32.79,31,3776,815,1886,799,3.4421,155300
-117.01,32.78,20,2616,597,1532,579,2.9896,235600
-117.01,32.77,43,841,192,496,207,3.0179,149300
-117.01,32.77,34,3330,723,1592,656,2.6678,164200
-117.01,32.76,34,3415,608,1464,593,4.0549,223700
-117.01,32.76,22,3626,824,1800,769,2.8594,189600
-117.01,32.75,34,2105,340,973,357,4.3088,152500
-117.01,32.75,26,4038,706,2065,687,3.9545,178100
-117.01,32.74,31,3473,722,2098,677,2.6973,135200
-117.01,32.73,22,2526,530,1556,529,2.8646,120800
-117.01,32.72,12,2914,734,2104,703,2.3068,132300
-117.01,32.71,20,3506,692,1977,668,2.981,129100
-117.01,32.7,7,2327,490,1304,445,3.3553,132200
-117.01,32.7,25,2321,398,1434,386,3.5341,120800
-117.01,32.67,17,2319,348,1125,337,5.551,266900
-117.01,32.66,11,9992,1368,4495,1316,6.9664,293900
-117.01,32.63,7,6483,976,3269,1005,5.7358,221600
-117.02,36.4,19,619,239,490,164,2.1,14999
-117.02,34.9,37,1199,351,782,296,1.6515,61600
-117.02,34.89,29,3111,661,1530,608,2.8281,69300
-117.02,34.03,19,4415,648,1627,619,4.2361,191600
-117.02,33.95,5,1822,367,798,313,2.8783,105200
-117.02,33.81,10,6317,1335,2625,1094,2.3,108900
-117.02,33.76,20,1317,203,453,158,2.8393,120700
-117.02,33.73,14,3700,750,1171,695,1.9476,112500
-117.02,33.71,6,8278,1579,3062,1446,3.0043,134700
-117.02,33.6,7,1972,352,964,317,3.244,337200
-117.02,32.95,25,1909,334,1043,322,3.7784,160100
-117.02,32.84,17,4013,673,2263,661,5.131,148300
-117.02,32.81,27,1950,317,950,320,4.0656,164000
-117.02,32.81,26,1998,301,874,305,5.4544,180900
-117.02,32.81,14,3173,599,1451,585,3.7292,182200
-117.02,32.8,29,1232,243,665,247,3.65,168900
-117.02,32.8,27,2369,370,927,374,4.1162,177200
-117.02,32.79,36,2211,384,868,329,4.0491,147900
-117.02,32.78,33,3481,708,1726,719,3.3675,158200
-117.02,32.78,31,2567,507,1198,499,3.4659,163000
-117.02,32.76,40,2523,488,976,470,3.11,185700
-117.02,32.76,15,1204,326,543,326,1.0278,154200
-117.02,32.75,33,3296,537,1345,556,5.2835,217100
-117.02,32.74,30,4205,772,2012,734,3.5,144700
-117.02,32.74,12,3301,963,2000,879,1.8594,119200
-117.02,32.73,22,5201,865,3280,817,4.7952,141400
-117.02,32.72,36,2030,369,1142,357,3.7763,126900
-117.02,32.71,30,3187,592,2082,631,3.5388,118500
-117.02,32.7,22,2756,516,1849,486,4.1837,125400
-117.02,32.68,14,3986,675,2065,702,5.7192,267400
-117.02,32.67,20,1505,184,635,182,6.5772,245200
-117.02,32.66,19,771,103,376,108,6.6272,273600
-117.02,32.64,5,260,41,157,42,6.5151,281700
-117.02,32.59,19,1902,335,1102,313,3.0365,98100
-117.03,34.91,27,2718,583,1472,509,2.825,76600
-117.03,34.87,7,2245,407,1016,364,3.9464,101500
-117.03,34.07,16,3784,577,1615,525,4.2333,220300
-117.03,34.03,26,3501,664,1860,681,3.0403,113500
-117.03,33.89,6,78,11,27,10,3.125,187500
-117.03,33.32,14,1088,209,601,193,3.8438,243800
-117.03,33.18,17,5391,886,2732,830,5.1771,212800
-117.03,33.12,25,3142,446,1286,419,5.4663,248300
-117.03,32.96,16,3424,698,1940,645,4.121,182100
-117.03,32.82,16,1765,289,743,280,4.9744,209700
-117.03,32.8,19,3866,775,1554,703,4.3281,220000
-117.03,32.79,31,2366,383,1077,387,4.2992,174400
-117.03,32.79,26,3859,513,1469,538,5.8683,220500
-117.03,32.78,17,5481,1618,2957,1537,2.5707,171300
-117.03,32.77,34,1796,428,918,424,2.875,161200
-117.03,32.77,19,4819,1492,2572,1336,2.3393,118200
-117.03,32.75,24,7879,1655,3898,1534,3.0897,187300
-117.03,32.74,37,821,150,404,135,3.0125,130400
-117.03,32.74,35,1878,454,991,409,2.4345,129700
-117.03,32.73,38,3174,606,1557,619,3.5861,123600
-117.03,32.73,34,2061,391,1169,400,3.5096,142000
-117.03,32.73,32,1750,333,997,335,3.4784,154400
-117.03,32.72,38,886,176,505,188,3.5938,125400
-117.03,32.72,37,2192,455,1515,446,3.0588,120600
-117.03,32.71,34,2328,444,1684,429,3.25,99600
-117.03,32.71,33,3126,627,2300,623,3.2596,103000
-117.03,32.7,19,2304,572,2010,556,2.2866,109900
-117.03,32.69,8,2460,397,1784,390,4.5662,175500
-117.03,32.69,5,3201,532,2061,536,5.0829,179400
-117.03,32.69,10,901,163,698,167,4.6648,156100
-117.03,32.67,15,5094,818,2118,758,5.3505,266600
-117.03,32.65,14,1111,142,472,145,7.6344,290500
-117.03,32.63,14,2796,476,1466,464,5.2489,213700
-117.03,32.63,13,2087,313,1165,330,5.7789,227700
-117.03,32.61,22,1028,148,523,152,6.0086,166900
-117.04,34.89,37,1884,366,1052,353,3.175,66800
-117.04,34.04,30,3474,735,1674,691,2.5863,98300
-117.04,34.03,29,3375,795,1760,699,2.7028,92000
-117.04,34.02,24,4663,1213,1851,1116,1.4418,103500
-117.04,34,25,3750,781,1594,785,2.4167,104900
-117.04,34,21,4624,852,2174,812,3.5255,132100
-117.04,33.15,15,13814,2888,6583,2789,2.8247,150000
-117.04,33.09,16,4677,581,1902,566,6.1834,335600
-117.04,33.03,16,2852,435,1083,448,6.3761,296200
-117.04,33.01,28,922,107,314,97,8.4721,342300
-117.04,32.99,6,9518,1418,4413,1275,6.6012,314900
-117.04,32.98,16,1332,196,640,193,6.0226,192900
-117.04,32.97,13,6711,1256,3683,1220,4.5746,175700
-117.04,32.9,6,6525,826,3146,806,9.2858,436100
-117.04,32.83,8,2205,348,777,341,6.0266,177400
-117.04,32.81,12,2880,406,1381,418,6.5412,254200
-117.04,32.8,25,2504,345,1067,350,5.7416,243400
-117.04,32.8,11,1802,440,630,428,2.0337,146700
-117.04,32.79,23,2491,350,863,348,6.7196,306800
-117.04,32.77,21,1824,447,962,431,2.7826,143800
-117.04,32.77,16,7963,1881,3769,1804,2.9624,144700
-117.04,32.76,43,3171,665,1534,625,3.141,141400
-117.04,32.76,37,2979,557,1285,564,3.7368,152200
-117.04,32.75,36,2297,418,1070,392,3.5192,144000
-117.04,32.74,5,2878,785,1727,758,1.7179,132000
-117.04,32.74,33,3880,770,2288,805,3.6848,140700
-117.04,32.72,24,5474,955,3020,904,4.0813,137000
-117.04,32.71,28,5274,991,3727,961,3.57,109800
-117.04,32.69,9,3417,860,2521,828,3.02,158900
-117.04,32.68,13,2132,425,1345,432,4,89300
-117.04,32.68,11,1875,357,1014,386,4.375,115000
-117.04,32.67,14,3464,683,2139,734,4.0668,137500
-117.04,32.66,22,3362,630,1471,612,4.1442,303900
-117.04,32.65,8,8806,1401,3159,1059,4.2155,247800
-117.04,32.64,5,2329,542,1213,514,4.0298,225600
-117.04,32.63,26,2756,422,1166,398,5.1354,181600
-117.04,32.63,26,2074,356,1228,335,4.1154,160200
-117.04,32.62,27,1710,282,1089,297,4.6793,151900
-117.04,32.6,20,8052,1461,5094,1430,4.2241,139800
-117.04,32.6,18,4747,846,3002,872,3.9076,152900
-117.04,32.58,20,2029,357,1497,353,4.0089,132100
-117.04,32.58,14,2355,406,1883,401,5.0311,152100
-117.04,32.55,15,2206,648,2511,648,1.6348,93200
-117.04,32.54,7,938,297,1187,282,1.2667,67500
-117.05,34.89,36,1199,260,665,229,3.7065,62000
-117.05,34.04,23,3967,766,1518,698,2.29,111800
-117.05,34.03,28,3009,698,1200,626,1.3993,104600
-117.05,34.02,21,3098,646,1351,614,2.598,106700
-117.05,34.01,27,5484,1205,2645,1131,2.1927,116700
-117.05,33.52,5,3471,530,1541,502,4.8083,347700
-117.05,33.29,17,1800,312,891,281,7.0177,267600
-117.05,33.26,14,3103,569,1704,539,3.7644,264700
-117.05,33.14,16,4552,1166,2737,1051,2.25,136300
-117.05,33.13,22,2427,390,1099,362,5.2323,167500
-117.05,33.13,20,7746,2035,5370,1838,2.3762,98500
-117.05,33.13,17,2385,372,1118,369,4.2813,169900
-117.05,33.11,18,4393,642,2095,677,5.4786,223500
-117.05,33.05,6,7916,1293,2741,1204,5.6436,278600
-117.05,33.04,12,1840,254,580,234,6.7769,400000
-117.05,33.02,18,917,121,388,131,6.3517,260100
-117.05,33.01,19,3558,588,1439,578,4.625,211100
-117.05,33.01,17,3430,425,1468,433,10.6186,429300
-117.05,32.97,17,9911,1436,4763,1414,5.5882,194300
-117.05,32.96,18,3593,661,1992,626,4.8295,165800
-117.05,32.95,17,4814,1091,3013,1078,3.2369,167800
-117.05,32.95,17,3039,555,1297,552,3.9531,178600
-117.05,32.82,16,4046,731,1684,701,4.2312,197000
-117.05,32.81,17,1885,292,771,301,5.6402,228600
-117.05,32.8,25,1905,250,865,253,6.4797,249000
-117.05,32.8,23,3309,401,1116,386,7.916,330600
-117.05,32.8,17,1475,308,549,293,3.7167,180400
-117.05,32.8,16,1561,378,574,350,3.0035,94600
-117.05,32.78,37,1184,178,529,192,4.7941,161700
-117.05,32.77,33,3535,683,1568,672,2.8097,158300
-117.05,32.77,23,2556,662,1200,548,1.8899,147700
-117.05,32.76,46,1887,359,795,358,3.25,159600
-117.05,32.75,43,1718,344,826,336,2.7014,133700
-117.05,32.75,36,2024,408,1030,390,3.8233,139800
-117.05,32.75,35,2144,388,1003,383,3.0938,137300
-117.05,32.75,29,2767,612,1437,587,2.8306,142900
-117.05,32.74,34,2178,455,1193,446,3.1719,115300
-117.05,32.73,27,3184,588,1763,571,3.5529,133900
-117.05,32.72,35,3669,617,1694,585,3.9485,133900
-117.05,32.72,35,1777,369,1158,353,3.4107,117000
-117.05,32.69,8,831,158,740,154,5.3908,165500
-117.05,32.69,21,991,210,695,203,3.625,144300
-117.05,32.69,14,1689,555,1319,527,3.16,143800
-117.05,32.68,35,3414,580,1761,522,3.9922,129800
-117.05,32.68,19,1469,275,1010,292,3.5664,150400
-117.05,32.68,15,1828,359,955,248,3.2174,165100
-117.05,32.67,32,4227,785,2842,795,3.9646,137800
-117.05,32.67,16,2168,343,1589,338,5.4863,153800
-117.05,32.63,31,4911,861,2334,843,4.1958,160100
-117.05,32.62,34,3928,686,2315,681,4.2851,144500
-117.05,32.61,26,1563,286,1145,313,3.8615,139300
-117.05,32.61,21,6034,1205,3795,1146,3.2633,129700
-117.05,32.59,26,1919,345,1326,341,4.2679,131900
-117.05,32.59,16,4683,929,3073,865,3.0495,98300
-117.05,32.58,25,2185,370,1558,369,5.3072,132700
-117.05,32.58,22,2101,399,1551,371,4.1518,136900
-117.05,32.56,22,2172,563,2049,524,2.0159,139300
-117.05,32.56,18,1215,320,1195,349,1.9875,114900
-117.05,32.56,17,985,233,811,223,2.875,134500
-117.06,34.9,36,2828,916,1762,736,1.4318,59600
-117.06,34.17,21,2520,582,416,151,2.712,89000
-117.06,34.03,27,1945,446,859,418,1.5203,126200
-117.06,34.02,24,3912,809,1926,762,2.6875,116300
-117.06,34,33,1575,326,879,282,2.5357,94400
-117.06,33.78,17,2813,565,1345,488,2.5847,145300
-117.06,33.17,4,5465,974,2844,950,4.4477,174800
-117.06,33.15,24,2155,379,1158,360,4.7941,147500
-117.06,33.13,12,8742,2114,4854,1957,2.8015,143500
-117.06,33.09,11,7483,1276,3516,1261,4.0484,262500
-117.06,33.04,17,1785,255,667,277,5.7382,278000
-117.06,33.03,23,2023,309,678,340,7.0913,265400
-117.06,33.02,24,830,190,279,196,1.9176,121100
-117.06,33.02,17,2635,389,994,359,5.8966,261500
-117.06,33.01,9,2470,417,904,427,4.4219,209200
-117.06,32.99,16,1306,196,713,222,6.2683,180700
-117.06,32.97,17,4754,877,2412,832,4.3548,192300
-117.06,32.81,17,3939,550,1694,553,6.7927,234700
-117.06,32.8,17,2247,340,973,318,5.5,222000
-117.06,32.79,21,3787,492,1246,457,9.6023,391300
-117.06,32.79,17,2524,332,771,317,8.7604,331800
-117.06,32.77,34,1730,373,730,350,2.0284,161800
-117.06,32.77,18,2269,682,1329,581,1.7951,161800
-117.06,32.76,38,1549,288,636,278,3.2188,150500
-117.06,32.76,24,1629,587,1012,488,1.7452,156800
-117.06,32.75,34,2516,611,1317,594,2.2308,125900
-117.06,32.75,34,1917,419,1181,426,3.0208,129200
-117.06,32.73,33,3444,619,1884,582,3.7891,126700
-117.06,32.72,31,2669,514,1626,499,3.1923,116900
-117.06,32.71,21,1864,388,1498,389,3.8194,125700
-117.06,32.71,11,2397,523,1566,514,3.8687,145200
-117.06,32.69,9,521,111,491,110,5.1305,158900
-117.06,32.69,9,1520,269,1250,265,4.8875,157700
-117.06,32.69,13,705,149,718,155,4.4375,154900
-117.06,32.68,41,2665,515,1664,512,2.375,113500
-117.06,32.68,38,1481,317,1080,291,2.85,125800
-117.06,32.68,36,3815,796,2945,728,2.0959,125000
-117.06,32.67,29,4047,754,2353,730,4.0505,125000
-117.06,32.66,33,3425,511,1528,479,5.6889,234600
-117.06,32.64,30,4494,667,1883,680,5.766,186100
-117.06,32.63,37,1326,234,612,240,4.125,160200
-117.06,32.63,29,4168,742,2096,713,4.2204,169800
-117.06,32.62,36,786,125,408,138,3.9167,189700
-117.06,32.61,34,4325,1015,2609,979,2.8489,128300
-117.06,32.6,33,905,205,989,222,2.7014,108200
-117.06,32.6,25,1075,238,434,234,1.7472,94600
-117.06,32.6,24,1088,268,1095,246,2.4191,107300
-117.06,32.58,17,2724,567,2213,554,3.8529,147700
-117.06,32.58,13,3435,708,1761,699,3.4792,107600
-117.06,32.58,11,2879,679,2098,673,3.5125,142400
-117.06,32.57,25,1268,282,991,299,3.0284,123600
-117.06,32.57,18,1384,311,1429,287,1.3362,95000
-117.06,32.57,17,2252,378,1776,365,4.6364,141100
-117.06,32.57,16,1269,282,1609,298,2.6985,156500
-117.06,32.56,5,2706,925,3148,855,1.7301,125000
-117.06,32.56,17,2803,683,2768,676,1.7958,140400
-117.06,32.55,5,3223,940,3284,854,1.4384,108800
-117.07,34.24,21,4773,1047,337,130,3.9375,115000
-117.07,33.72,16,4928,960,2132,853,2.7983,112500
-117.07,33.15,17,1893,297,936,287,5.1842,157700
-117.07,33.15,15,2994,522,1231,503,3.2024,180400
-117.07,33.14,16,2546,429,1683,408,4.7426,160600
-117.07,33.13,33,555,165,612,176,2.1786,137500
-117.07,33.13,17,6817,1632,4526,1474,2.6152,135300
-117.07,33.12,32,2474,499,1224,461,2.7216,146300
-117.07,33.12,21,4578,927,2818,900,3.1458,187700
-117.07,33.12,12,2453,599,1251,529,2.4122,127000
-117.07,33.11,31,2055,473,1326,427,3.0915,139900
-117.07,33.11,17,5565,1237,3004,1139,3.0054,142300
-117.07,33.07,8,2756,343,1045,340,8.5957,444100
-117.07,33.04,4,2271,578,926,391,3.6437,210100
-117.07,33.03,15,1095,158,361,176,6.8099,328200
-117.07,33.03,14,6665,1231,2026,1001,5.09,268500
-117.07,33.02,17,2863,665,715,467,2.6048,148200
-117.07,33.01,5,5870,977,1917,842,5.1998,294100
-117.07,33.01,25,2120,381,588,359,3.1187,169400
-117.07,33,4,9153,1866,3775,1698,4.955,241500
-117.07,33,4,6242,1258,2211,1116,4.25,281600
-117.07,32.91,5,2234,256,894,253,10.3354,477600
-117.07,32.8,36,2028,349,820,352,3.9828,168900
-117.07,32.8,31,2550,395,1017,405,5.1488,181000
-117.07,32.8,23,2698,410,1094,411,5.1782,195100
-117.07,32.78,26,3725,623,1516,627,4.7143,268300
-117.07,32.78,22,922,240,1524,235,1.6815,218800
-117.07,32.77,38,3779,614,1495,614,4.3529,184000
-117.07,32.77,38,1130,228,699,241,2.65,167600
-117.07,32.77,34,2245,394,1849,429,3.5446,185500
-117.07,32.76,42,1827,378,880,380,2.5125,176600
-117.07,32.76,14,2523,545,1297,525,2.3886,138100
-117.07,32.75,9,3464,749,1687,645,3.3026,119100
-117.07,32.75,37,2690,549,1219,524,2.3148,154200
-117.07,32.75,31,2036,501,1263,442,2.5583,120700
-117.07,32.75,14,3073,851,2000,782,2.3824,144700
-117.07,32.74,37,1042,205,589,208,2.6629,116900
-117.07,32.73,18,2968,656,1149,581,2.6452,154200
-117.07,32.72,18,1758,286,987,277,4.6875,141800
-117.07,32.71,39,2754,652,2263,619,2.2454,89600
-117.07,32.71,36,2448,475,1268,450,2.5682,109100
-117.07,32.71,26,4151,823,2822,697,2.8372,123400
-117.07,32.7,14,2763,456,1914,465,4.1645,143000
-117.07,32.69,29,1429,293,1091,317,3.4609,118000
-117.07,32.69,28,1485,275,820,283,4.069,153300
-117.07,32.69,20,2192,406,1766,393,4.0921,135000
-117.07,32.68,18,1475,267,1149,268,5.0827,142200
-117.07,32.67,35,3200,725,1723,610,1.8977,95600
-117.07,32.67,28,2758,623,2179,631,2.3814,112300
-117.07,32.65,12,4131,891,2272,840,3.4701,204900
-117.07,32.64,38,1486,269,745,295,4.6477,150400
-117.07,32.64,32,5135,1025,2152,944,4.1325,172800
-117.07,32.64,30,2873,774,1593,731,2.24,129500
-117.07,32.63,40,1706,322,796,303,3.5583,154900
-117.07,32.63,37,2372,444,1056,419,3.7583,145500
-117.07,32.63,37,2303,379,1026,357,3.455,156900
-117.07,32.62,19,5016,1173,2750,1081,2.7838,155900
-117.07,32.61,22,5016,1331,3222,1196,2.1441,135500
-117.07,32.61,10,1686,414,1000,391,2.1765,128400
-117.07,32.6,18,2602,551,1042,550,1.9267,67500
-117.07,32.59,21,1779,466,1327,488,1.6007,96200
-117.07,32.57,17,2961,634,1911,615,2.5859,131400
-117.07,32.57,14,1527,357,1224,363,2.7361,93600
-117.07,32.56,9,3648,895,3293,840,3.0992,142600
-117.08,34.96,28,1777,307,721,259,3.6343,79800
-117.08,34.08,34,45,11,39,14,3.0625,500001
-117.08,34.03,23,3862,699,2082,652,3.154,115700
-117.08,34.02,20,3111,563,1453,538,3.3365,122800
-117.08,33.82,6,1771,293,935,279,4.065,148200
-117.08,33.23,14,3337,571,1385,512,4.15,272200
-117.08,33.14,19,2629,494,1444,503,3.5462,156800
-117.08,33.14,15,1497,250,827,239,4.3846,154200
-117.08,33.14,11,1430,292,921,294,4.2357,160900
-117.08,33.13,17,8466,2628,7014,2267,2.1437,113700
-117.08,33.12,37,1060,268,823,229,1.8363,145500
-117.08,33.12,33,674,208,565,188,1.875,114300
-117.08,33.11,31,1832,444,1669,463,2.2146,116700
-117.08,33.11,31,1356,324,1301,331,2.5331,115100
-117.08,33.11,28,2094,585,1556,563,2.2,127700
-117.08,33.09,23,3792,624,1988,658,4.7566,178300
-117.08,33.08,23,3400,501,1383,488,4.9844,249100
-117.08,33.04,10,2577,347,1193,365,6.53,264100
-117.08,33.03,18,1339,284,761,290,5.3074,137200
-117.08,33.03,17,987,142,463,152,5.8747,229300
-117.08,33.03,15,3023,623,1283,559,3.3724,137900
-117.08,33.03,10,2296,450,818,405,4.3424,160600
-117.08,33.01,5,5659,931,2565,902,6.1949,238700
-117.08,32.97,3,17466,3336,7644,2895,5.4584,246500
-117.08,32.93,5,14944,2490,6600,2407,6.0857,308300
-117.08,32.91,9,1547,218,683,231,7.5604,327900
-117.08,32.91,16,1653,228,690,224,6.5853,248400
-117.08,32.83,7,13703,2352,4446,1856,6.4335,260600
-117.08,32.82,10,5177,856,2190,816,5.9734,271700
-117.08,32.8,25,2963,552,1162,556,3.625,184500
-117.08,32.78,21,2919,496,984,443,4.625,222800
-117.08,32.77,31,1070,155,426,153,6.1628,219200
-117.08,32.77,25,3911,849,1580,767,2.7778,184100
-117.08,32.76,27,1221,254,606,259,3.0833,155400
-117.08,32.76,20,2547,785,1199,643,1.7743,140300
-117.08,32.76,18,1704,596,1639,548,1.7391,125000
-117.08,32.75,20,1989,508,1452,462,2.0077,118300
-117.08,32.75,16,1111,328,930,303,1.2347,128100
-117.08,32.75,15,1821,516,1385,439,2.5101,95300
-117.08,32.74,33,3260,673,1784,666,3.5078,126500
-117.08,32.74,26,2359,622,2067,581,1.8103,124700
-117.08,32.73,36,3331,643,1903,622,3.6974,122000
-117.08,32.73,36,1158,218,619,233,3.6125,122500
-117.08,32.73,19,2935,763,1953,720,1.4254,111300
-117.08,32.71,27,2204,598,1656,521,1.4821,86200
-117.08,32.7,37,2176,418,1301,375,2.875,98900
-117.08,32.7,36,2103,390,1279,392,2.4135,97000
-117.08,32.69,36,1571,284,1001,268,3.6875,111400
-117.08,32.69,31,2558,487,1938,492,3.4875,117000
-117.08,32.68,26,3071,615,2156,568,2.9318,112400
-117.08,32.68,19,3635,1078,3127,1098,1.324,122600
-117.08,32.67,31,3008,764,2088,757,2.5662,118200
-117.08,32.66,43,1004,236,839,235,2.81,103400
-117.08,32.65,28,2296,603,1277,550,2.3562,123800
-117.08,32.65,17,2633,712,1487,694,2.5392,147000
-117.08,32.64,38,917,256,494,233,1.9241,150000
-117.08,32.64,11,1651,533,947,515,1.6806,141700
-117.08,32.63,33,2891,793,1607,754,2.1281,139800
-117.08,32.63,30,2504,559,1827,490,2.6146,159400
-117.08,32.63,28,2080,427,1266,434,2.2788,146300
-117.08,32.62,36,1674,309,818,307,3.4773,150400
-117.08,32.62,28,2468,506,1353,522,3.0771,158600
-117.08,32.62,16,5192,1381,3261,1321,2.2685,151900
-117.08,32.61,27,2264,525,1485,468,3.3514,149100
-117.08,32.6,24,1901,490,1334,476,2.2544,121900
-117.08,32.59,8,2888,662,2441,683,2.7048,153000
-117.08,32.59,30,144,52,220,48,2.3929,134400
-117.08,32.58,22,2128,477,1420,450,3.2687,131000
-117.08,32.57,9,6298,1512,4451,1456,2.569,88300
-117.09,34.22,16,1347,327,271,91,4,87500
-117.09,34.07,24,6260,1271,3132,1189,2.5156,103000
-117.09,33.71,13,1974,426,1276,408,1.972,90500
-117.09,33.15,13,3958,865,1981,840,3.4764,137500
-117.09,33.13,9,5685,1442,3773,1250,3.0426,129900
-117.09,33.12,11,567,184,620,163,2.5284,122500
-117.09,33.11,32,1713,321,891,286,3.1429,171600
-117.09,33.1,21,2876,539,1387,499,3.8292,177000
-117.09,32.99,18,3215,588,1618,509,4.6028,216800
-117.09,32.99,16,2175,327,1037,326,5.1909,201400
-117.09,32.98,23,1125,273,687,308,2.3182,268800
-117.09,32.91,9,2012,316,802,289,6.5706,255700
-117.09,32.91,16,2005,266,827,270,7.0546,282200
-117.09,32.9,16,1989,290,814,291,6.2715,255100
-117.09,32.83,15,4138,636,2001,677,4.8419,264000
-117.09,32.81,7,6100,1185,2710,1040,5.5673,288200
-117.09,32.8,36,2163,367,915,360,4.7188,174100
-117.09,32.8,15,666,152,247,164,2.15,131300
-117.09,32.79,36,1936,345,861,343,3.8333,170000
-117.09,32.79,36,1529,266,683,260,4.0982,171200
-117.09,32.79,20,2183,534,999,496,2.8631,169700
-117.09,32.78,28,1708,393,816,393,2.9881,165300
-117.09,32.77,38,2065,374,812,343,3.125,216500
-117.09,32.77,31,3062,596,1263,539,3.0875,291500
-117.09,32.76,44,1139,214,470,217,3.5481,203100
-117.09,32.76,43,3889,711,1466,663,3.5529,223000
-117.09,32.76,31,2567,624,1255,582,2.5909,159100
-117.09,32.76,31,1235,387,816,397,1.5517,122500
-117.09,32.76,10,1922,577,1595,545,1.5208,118800
-117.09,32.75,30,1899,546,1620,493,1.6034,84400
-117.09,32.75,28,1220,391,1286,396,1.2286,105000
-117.09,32.75,24,1245,376,1230,362,1.875,95000
-117.09,32.75,20,1701,503,1482,465,1.6789,95500
-117.09,32.74,23,3130,779,2472,744,2.32,93200
-117.09,32.73,26,3114,686,1948,660,2.8942,124100
-117.09,32.72,39,1273,246,770,242,2.0938,102500
-117.09,32.72,33,1096,240,716,224,1.6944,111800
-117.09,32.71,29,2238,523,2061,504,2.5559,96800
-117.09,32.71,12,3375,945,2357,808,1.5,106300
-117.09,32.7,22,2409,582,1887,578,1.4089,94200
-117.09,32.69,20,1102,205,852,217,3.1833,108300
-117.09,32.69,18,1645,430,1221,410,1.3269,108000
-117.09,32.68,30,2662,653,1997,605,2.8089,120600
-117.09,32.68,29,1792,449,1650,396,2.2201,100000
-117.09,32.68,20,2569,737,2341,705,2.0114,104900
-117.09,32.67,37,1157,332,983,306,2.0972,117000
-117.09,32.67,31,2051,549,1581,538,2.052,108900
-117.09,32.66,46,844,147,423,161,3.375,136300
-117.09,32.66,38,833,206,570,182,1.8333,127100
-117.09,32.65,25,3509,985,2359,899,2.6296,150000
-117.09,32.65,20,1445,323,573,334,2.619,145800
-117.09,32.64,38,2095,536,1240,550,2.7218,145900
-117.09,32.64,30,3171,862,2126,800,2.507,142700
-117.09,32.64,24,3613,973,2002,931,1.947,147500
-117.09,32.64,20,1999,651,1302,592,1.6321,57500
-117.09,32.63,33,620,161,420,164,1.8417,150000
-117.09,32.63,27,2920,770,1935,746,2.4148,67500
-117.09,32.62,37,1925,428,1344,426,2.4866,129700
-117.09,32.62,34,1576,364,1153,381,2.1955,129700
-117.09,32.61,23,1157,309,640,313,2.1548,118800
-117.09,32.61,21,1945,430,1335,419,3.6467,113000
-117.09,32.58,12,2565,567,1785,545,3.0273,135300
-117.09,32.57,23,1817,323,1371,327,3.6736,139500
-117.09,32.57,17,444,83,357,87,5.1478,138900
-117.09,32.57,10,2198,368,1645,350,4.5547,160700
-117.09,32.55,8,6533,1217,4797,1177,3.9583,144400
-117.1,34.57,6,5110,1044,1938,724,3.1917,112800
-117.1,34.21,22,4397,931,1145,445,4.5268,108400
-117.1,34.03,24,4144,826,2127,772,2.5172,96000
